commune,fokontany,X,Y,ID
Ambalahosy Nord,Ambodibakoly,47.910524000000002,-21.319996000000000,"1"
Ambalahosy Nord,Ambodihasina,47.901442099999997,-21.326638500000001,"2"
Ambalahosy Nord,Morarano Toby,47.910997899999998,-21.337474600000000,"3"
Ambalahosy Nord,Ambalahosy Avaratra,47.878521200000002,-21.297205300000002,"4"
Ambalahosy Nord,Ambinanifitoerana,47.871485800000002,-21.310239800000002,"5"
Ambalahosy Nord,Anosivolo,47.857062200000001,-21.304371100000001,"6"
Ambodinonoka,Analamarina,47.844116499999998,-20.943532399999999,"7"
Ambodinonoka,Fiadanana,47.752995200000001,-20.854733800000002,"8"
Ambodinonoka,Lavakianja,47.902200299999997,-20.897065300000001,"9"
Ambodinonoka,Manakana Nord,47.768839100000001,-20.893284399999999,"10"
Ambodinonoka,Morafeno,47.831860200000001,-20.976350600000000,"11"
Ambodinonoka,Ambalatenina,47.886834700000001,-21.026597800000001,"12"
Ambodinonoka,Ambatoharanana,47.910322800000003,-20.930235300000000,"13"
Ambodinonoka,Ambodiara,47.923454960000001,-21.039332399999999,"14"
Ambodinonoka,Ambodinonoka,47.892601599999999,-20.979313500000000,"15"
Ambodinonoka,Amboditambitsy,47.906589099999998,-20.995676000000000,"16"
Ambodinonoka,Ambodivandrozana,47.837847900000000,-21.006790599999999,"17"
Ambodinonoka,Ambohitsara,47.874055400000003,-20.954704899999999,"18"
Ambodinonoka,Tsarakianja Sud,47.879114000000001,-21.010434199999999,"19"
Ambodinonoka,Tsaramiadana,47.927440300000001,-20.968707599999998,"20"
Ambohimiarina II,Ambinanifasina,48.016606400000001,-21.342438099999999,"21"
Ambohimiarina II,Ambodiara,48.057945599999996,-21.343593899999998,"22"
Ambohimiarina II,Ambohimiarina II,48.011266399999997,-21.373963100000001,"23"
Ambohimiarina II,Ampasimazava,48.018342900000000,-21.401947600000000,"24"
Ambohimiarina II,Irondro,47.983212999999999,-21.402726699999999,"25"
Ambohimiarina II,Manakana Tsiangaly,48.010367899999999,-21.329971499999999,"26"
Ambohimiarina II,Sahasondroka,47.969515199999996,-21.319685600000000,"27"
Ambohinihaonana,Ambololona,48.024873300000003,-21.264386800000000,"28"
Ambohinihaonana,Ankazotelo,47.981640100000000,-21.226679300000001,"29"
Ambohinihaonana,Bemoka,48.004007000000001,-21.214692700000001,"30"
Ambohinihaonana,Ambalapaiso,47.932080300000003,-21.278307000000002,"31"
Ambohinihaonana,Ambodimanga Nosivolo,47.844686500000002,-21.271859100000000,"32"
Ambohinihaonana,Lavakianja,47.887448599999999,-21.285016700000000,"33"
Ambohinihaonana,Ambodivoangy,47.951886399999999,-21.174726499999998,"34"
Ambohinihaonana,Ambohimahavelo,47.935845499999999,-21.284136000000000,"35"
Ambohinihaonana,Ambohimiadana,47.929502700000000,-21.211931000000000,"36"
Ambohinihaonana,Ambohinihaonana,47.909351000000001,-21.197222900000000,"37"
Ambohinihaonana,Ampasimadinika,47.879620500000001,-21.192452899999999,"38"
Ambohinihaonana,Androrangabe,47.820707599999999,-21.193806299999999,"39"
Ambohinihaonana,Androrangavola,47.947790599999998,-21.228069399999999,"40"
Ambohinihaonana,Ankalaitra,47.868577500000001,-21.177736899999999,"41"
Ambohinihaonana,Maromandia Ouest,47.835277300000001,-21.152772599999999,"42"
Ambohitsara Est,Ambodipaiso,48.409948399999998,-20.828477199999998,"43"
Ambohitsara Est,Ambohitsara Est,48.463348699999997,-20.868847200000001,"44"
Ambohitsara Est,Ampahatany,48.456127299999999,-20.879428900000001,"45"
Ambohitsara Est,Ampatakana,48.436929700000000,-20.895343300000000,"46"
Ambohitsara Est,Iamboala,48.399957399999998,-20.854821500000000,"47"
Ambohitsara Est,Manambatana,48.419530899999998,-20.847373399999999,"48"
Andonabe,Ambatoringitra,47.827286999999998,-21.458727799999998,"49"
Andonabe,Ambohitsara,47.888876600000003,-21.472197099999999,"50"
Andonabe,Ankosibe,47.837648399999999,-21.434194800000000,"51"
Andonabe,Maholiafo,47.822037899999998,-21.488877299999999,"52"
Andonabe,Seranana,47.850692000000002,-21.475421999999998,"53"
Andonabe,Tanambao Tsimivatsy,47.860289399999999,-21.487685899999999,"54"
Andonabe,Ambodisaina,47.885343399999996,-21.451201300000001,"55"
Andonabe,Andoharokana,47.995482299999999,-21.432325400000000,"56"
Andonabe,Andonabe,47.951683000000003,-21.463561899999998,"57"
Andonabe,Androrangavola,47.958691100000003,-21.483346600000001,"58"
Andonabe,Mahasoa,47.924578799999999,-21.494481400000002,"59"
Andonabe,Mahatsara II,47.897786199999999,-21.455671100000000,"60"
Andonabe,Morafeno,47.918631400000002,-21.455692599999999,"61"
Andranambolava,Ambodivoangy Nord,48.308640199999999,-20.890134499999998,"62"
Andranambolava,Ambohimiarina I,48.242335900000000,-20.897074400000001,"63"
Andranambolava,Ampitabe,48.279064900000002,-20.872531299999999,"64"
Andranambolava,Andranambolava,48.276773800000001,-20.908461299999999,"65"
Andranambolava,Marohita,48.262746300000003,-20.879648700000001,"66"
Andranambolava,Marovany,48.263441600000000,-20.940696400000000,"67"
Andranambolava,Menagisy,48.261760600000002,-20.925858300000002,"68"
Andranomavo,Ambodiaviavy,48.135261600000000,-20.938578700000001,"69"
Andranomavo,Antapadrano,48.081453799999998,-20.947573599999998,"70"
Andranomavo,Vohilavakely,48.136635599999998,-20.967569800000000,"71"
Andranomavo,Ambalatany,48.200064400000002,-20.906711800000000,"72"
Andranomavo,Andranomavo,48.201448100000000,-20.931601700000002,"73"
Andranomavo,Maromitety,48.161985799999997,-20.906717600000000,"74"
Ankatafana,Ambalavontaka,48.327117000000001,-21.324939600000000,"75"
Ankatafana,Ambaro,48.330963599999997,-21.254836099999999,"76"
Ankatafana,Ambohimiarina,48.341068389999997,-21.263962899999999,"77"
Ankatafana,Ampangalana Sud,48.333811300000001,-21.304129499999998,"78"
Ankatafana,Ankatafana,48.341594600000001,-21.259927399999999,"79"
Ankatafana,Marohita I,48.279614700000003,-21.414922700000002,"80"
Ankatafana,Marohita II,48.314193799999998,-21.377526100000001,"81"
Ankatafana,Maropaika,48.265375400000003,-21.305346600000000,"82"
Anosimparihy,Ambalamainty,48.094566499999999,-21.547313899999999,"83"
Anosimparihy,Befotaka,48.155700000000003,-21.440995600000001,"84"
Anosimparihy,Sandranava,48.142271950000001,-21.514265000000002,"85"
Anosimparihy,Ambatoharanana,48.017350999999998,-21.447947200000002,"86"
Anosimparihy,Ambodiamba,48.020357799999999,-21.514129700000002,"87"
Anosimparihy,Ambodiampaly,48.035211940000003,-21.540751799999999,"88"
Anosimparihy,Ambodirafia,47.944820100000001,-21.519659300000001,"89"
Anosimparihy,Ampotsimavo,48.010012500000002,-21.524687100000001,"90"
Anosimparihy,Anosimparihy,47.992637899999998,-21.506030400000000,"91"
Anosimparihy,Bac Namorona,47.974064900000002,-21.516177400000000,"92"
Anosimparihy,Iaborano,47.966142300000001,-21.513780400000002,"93"
Anosimparihy,Maromanitra,48.001130099999997,-21.501348600000000,"94"
Anosimparihy,Nihaonana,48.036337000000003,-21.541330100000000,"95"
Anosimparihy,Tsarafidy,48.005311900000002,-21.465953100000000,"96"
Anosimparihy,Vohibiavy,48.025669899999997,-21.457077800000000,"97"
Antaretra,Ambatomainty,47.899214999999998,-21.079302899999998,"98"
Antaretra,Ambatomalama,47.814502300000001,-21.042076800000000,"99"
Antaretra,Ambodivolomborona,47.805654290000000,-21.030063200000001,"100"
Antaretra,Ambohitsara Sud,47.827031699999999,-21.106627199999998,"101"
Antaretra,Antaretra,47.845540800000002,-21.076029299999998,"102"
Antaretra,Antaviranambo,47.841559099999998,-21.072097899999999,"103"
Antsenavolo,Ambatofaritana,48.091566399999998,-21.372761799999999,"104"
Antsenavolo,Ambodiakatra,48.029975100000001,-21.391034999999999,"105"
Antsenavolo,Ambodibonary,48.084165509999998,-21.329186199999999,"106"
Antsenavolo,Ambodimanga,48.062904400000001,-21.370688600000001,"107"
Antsenavolo,Ambodivoangy,48.118585600000003,-21.337154300000002,"108"
Antsenavolo,Ambohitsara,48.088654300000002,-21.413696300000002,"109"
Antsenavolo,Andranomavo II,48.211226500000002,-21.298201200000001,"110"
Antsenavolo,Ankazotokana,48.148627800000000,-21.330240799999999,"111"
Antsenavolo,Antsenavolo,48.046708500000001,-21.390604600000000,"112"
Antsenavolo,Betampona,48.125897299999998,-21.402256600000001,"113"
Antsenavolo,Madiolamba,48.103571100000003,-21.418455699999999,"114"
Antsenavolo,Morafeno,48.096006799999998,-21.386350100000001,"115"
Antsenavolo,Sahafotahina,48.031433300000003,-21.419059699999998,"116"
Antsenavolo,Tsararano,48.147259699999999,-21.355692399999999,"117"
Kianjavato,Ambodifandramanana,47.951594000000000,-21.387668800000000,"118"
Kianjavato,Ambolotara,47.928096500000002,-21.383082099999999,"119"
Kianjavato,Vohimpotsy,47.948079000000000,-21.359736699999999,"120"
Kianjavato,Ambalahosy Sud,47.891674999999999,-21.382113000000000,"121"
Kianjavato,Ambodibonary,47.883626800000002,-21.381421199999998,"122"
Kianjavato,Ambohitsara,47.819491599999999,-21.367307799999999,"123"
Kianjavato,Fotobohitra,47.843809499999999,-21.371004500000002,"124"
Kianjavato,Kianjavato,47.867560400000002,-21.380428899999998,"125"
Mahatsara Iefaka,Antanjondava,48.346220700000003,-21.113574100000001,"126"
Mahatsara Iefaka,Mahavoky Sud,48.369681999999997,-21.097499500000001,"127"
Mahatsara Iefaka,Amberomanitra,48.309025200000001,-21.097708399999998,"128"
Mahatsara Iefaka,Amboditandroho,48.327327199999999,-21.074814600000000,"129"
Mahatsara Iefaka,Mahatsara Iefaka,48.330803400000001,-21.116562900000002,"130"
Mahatsara Sud,Amboanato,48.384935700000000,-21.132093900000001,"131"
Mahatsara Sud,Anjanavorona,48.353958200000001,-21.144193500000000,"132"
Mahatsara Sud,Iamborano,48.283772900000002,-21.134804599999999,"133"
Mahatsara Sud,Lavakianja,48.294503200000001,-21.178491900000001,"134"
Mahatsara Sud,Manampotsy,48.313003600000002,-21.125862399999999,"135"
Mahatsara Sud,Ranomainty,48.317982399999998,-21.166347500000001,"136"
Mahavoky Nord,Ambodiriana Ifanantara,48.325147899999997,-20.832467000000001,"137"
Mahavoky Nord,Anivorano,48.326566800000002,-20.864872200000001,"138"
Mahavoky Nord,Lavakianja,48.294123700000000,-20.844350800000001,"139"
Mahavoky Nord,Mahatsara Avaratra,48.345929599999998,-20.843536600000000,"140"
Mahavoky Nord,Mahavoky Avaratra,48.302373299999999,-20.846509800000000,"141"
Mahela,Ambodimanga II,48.405013099999998,-21.024736000000001,"142"
Mahela,Ampasimanjeva,48.401097399999998,-20.970439500000001,"143"
Mahela,Nosibe,48.395450199999999,-21.041911800000001,"144"
Mahela,Antanandava,48.415088599999997,-20.996050100000001,"145"
Mahela,Ambalahady,48.423521600000001,-20.903095199999999,"146"
Mahela,Ambatosada,48.394719000000002,-20.906331200000000,"147"
Mahela,Andranomahitsy,48.443759200000002,-20.926607600000001,"148"
Mahela,Anilavinany,48.443250800000001,-20.984591500000001,"149"
Mahela,Mahela,48.441874800000001,-20.969339200000000,"150"
Manakana Nord,Ambohimiarina,47.904620500000000,-21.356451799999999,"151"
Manakana Nord,Andranomadio,47.822417500000000,-21.300622700000002,"152"
Manakana Nord,Androrangavola,47.793987399999999,-21.268032399999999,"153"
Manakana Nord,Madiofasina,47.855293699999997,-21.325500399999999,"154"
Manakana Nord,Manakana Nord,47.850232200000001,-21.324575100000001,"155"
Manakana Nord,Sahandovoka,47.883685800000002,-21.343811200000001,"156"
Manakana Nord,Sakave,47.870888999999998,-21.335916600000001,"157"
Mananjary CU,Ambatolambo,48.345024709999997,-21.218509900000001,"158"
Mananjary CU,Ambonaramena,48.330190500000000,-21.220088499999999,"159"
Mananjary CU,Ampasimandrorona,48.336538410000003,-21.238095200000000,"160"
Mananjary CU,Analanjavidy,48.336472909999998,-21.228921600000000,"161"
Mananjary CU,Andovosira,48.351227729999998,-21.224647699999998,"162"
Mananjary CU,Ankadirano,48.349144510000002,-21.231038800000000,"163"
Mananjary CU,Anosinakoho,48.350771320000000,-21.228091100000000,"164"
Mananjary CU,Fangato,48.329517840000001,-21.243190100000000,"165"
Mananjary CU,Mahatsinjo,48.320376680000003,-21.251456600000001,"166"
Mananjary CU,Marofinaritra,48.339903489999998,-21.216269199999999,"167"
Mananjary CU,Masindrano,48.347054190000001,-21.240165600000001,"168"
Mananjary CU,Tanambao,48.343201669999999,-21.223570200000001,"169"
Marofototra,Ambatoafo,48.256553799999999,-20.852438500000002,"170"
Marofototra,Ambohinihaonana,48.133736700000000,-20.891905500000000,"171"
Marofototra,Ambohitsara II,48.154959699999999,-20.812814500000002,"172"
Marofototra,Ampasimadinika,48.087024100000001,-20.829788400000002,"173"
Marofototra,Ampasimbola,48.228456899999998,-20.857484599999999,"174"
Marofototra,Antaviranambo,47.985142900000000,-20.771715499999999,"175"
Marofototra,Madiotomotra,48.123888000000001,-20.794227500000002,"176"
Marofototra,Marofototra,48.155678199999997,-20.852036399999999,"177"
Marokarima,Ambaladara,48.102988500000002,-21.161039899999999,"178"
Marokarima,Ambohimanarivo,48.086069100000003,-21.297275100000000,"179"
Marokarima,Ankarimalaza,48.169880800000001,-21.242707599999999,"180"
Marokarima,Antanjona,48.126564000000002,-21.165117899999998,"181"
Marokarima,Marohandrina,48.127728599999998,-21.295475900000000,"182"
Marokarima,Marokarima,48.139871700000000,-21.220971100000000,"183"
Marokarima,Maromandia,48.069496000000001,-21.270596399999999,"184"
Marokarima,Tsaramiadana,48.071775799999998,-21.189833700000001,"185"
Marosangy,Ambalafary,48.240478899999999,-20.977443800000000,"186"
Marosangy,Ambohimahasoa,48.252754299999999,-20.953052700000001,"187"
Marosangy,Iankana,48.237316000000000,-20.955683300000000,"188"
Marosangy,Ambalakondro,48.299957499999998,-20.969609999999999,"189"
Marosangy,Ampatrivolo,48.338898200000003,-20.987244100000002,"190"
Marosangy,Androranga,48.300565700000000,-20.935080200000002,"191"
Marosangy,Befotaka,48.275379800000003,-20.977325499999999,"192"
Marosangy,Marosangy,48.286429099999999,-21.006510800000001,"193"
Marosangy,Marovato Sud,48.261533900000003,-21.027327400000001,"194"
Morafeno,Ambodivandrika II,48.094741499999998,-21.024674999999998,"195"
Morafeno,Antaramasoandro,48.217936299999998,-21.005258399999999,"196"
Morafeno,Manakana I,48.137488400000002,-21.084047099999999,"197"
Morafeno,Mandroromody,48.150750700000003,-21.028768400000001,"198"
Morafeno,Morafeno,48.180577599999999,-21.095643500000001,"199"
Morafeno,Antanambaokely,48.081303300000002,-21.052674400000001,"200"
Namorona,Manotro,48.186053399999999,-21.639333900000000,"201"
Namorona,Fangato,48.218512699999998,-21.494223300000002,"202"
Namorona,Ambinany Tanambao,48.231719900000002,-21.615622999999999,"203"
Namorona,Sandranava,48.137782199999997,-21.523190300000000,"204"
Namorona,Mahasoa,48.115036400000001,-21.619696300000001,"205"
Namorona,Nakitaina,48.276846300000003,-21.500450799999999,"206"
Namorona,Antsakarivo,48.233604399999997,-21.557779000000000,"207"
Namorona,Masindranokely,48.212489800000000,-21.659969600000000,"208"
Namorona,Ambinany Namorona,48.234198200000002,-21.605975600000001,"209"
Namorona,Vohitrindry,48.192019250000001,-21.643154899999999,"210"
Namorona,Lavanady,48.182075110000000,-21.642474900000000,"211"
Sandrohy,Ambalona,47.963964400000002,-21.587407800000001,"212"
Sandrohy,Ambodimarohita,47.943071300000000,-21.650482300000000,"213"
Sandrohy,Maroamboka,47.875281000000001,-21.595037999999999,"214"
Sandrohy,Sahanavaka I,47.908694699999998,-21.614615600000000,"215"
Sandrohy,Sahanavaka II,47.908971000000001,-21.591185100000001,"216"
Sandrohy,Sandrohy,47.895554400000002,-21.598676399999999,"217"
Sandrohy,Tanambao Sud,47.891631900000000,-21.613289000000002,"218"
Tsaravary,Ambodikizy,48.238094369999999,-21.287223000000001,"219"
Tsaravary,Ampasimbola,48.269923900000002,-21.232149700000001,"220"
Tsaravary,Marofody,48.294879199999997,-21.252894099999999,"221"
Tsaravary,Sarina,48.260461800000002,-21.247441299999998,"222"
Tsaravary,Tanambao Marofody,48.269234599999997,-21.256830300000001,"223"
Tsaravary,Tsaravary,48.300293300000000,-21.245809300000001,"224"
Tsiatosika,Ambalaromba,48.235587400000000,-21.238509799999999,"225"
Tsiatosika,Ambatoharanana,48.249535100000003,-21.055125799999999,"226"
Tsiatosika,Ambohimiarina I,48.188938000000000,-21.190139700000000,"227"
Tsiatosika,Andranomaresaka,48.275681319999997,-21.214541300000000,"228"
Tsiatosika,Andranomavo II,48.179004999999997,-21.258901900000001,"229"
Tsiatosika,Andranomiteka,48.166049500000000,-21.283605099999999,"230"
Tsiatosika,Anivorano,48.252340599999997,-21.109136400000001,"231"
Tsiatosika,Ankarongana,48.231277100000000,-21.156796400000001,"232"
Tsiatosika,Anosimparihy,48.230118200000000,-21.138162800000000,"233"
Tsiatosika,Betampona,48.239541699999997,-21.212889300000001,"234"
Tsiatosika,Manakana I,48.240134300000001,-21.237780300000001,"235"
Tsiatosika,Tsarahafatra,48.230192600000002,-21.222478100000000,"236"
Tsiatosika,Tsiatosika,48.225373800000000,-21.203569099999999,"237"
Tsiatosika,Volomborona,48.216213400000001,-21.150008000000000,"238"
Vatohandrina,Faralambo,47.901529900000000,-21.519756600000001,"239"
Vatohandrina,Manarilefona,47.871291999999997,-21.542970400000002,"240"
Vatohandrina,Mandroalina,47.797690099999997,-21.555419799999999,"241"
Vatohandrina,Sahafananina,47.817636399999998,-21.532304600000000,"242"
Vatohandrina,Vatohandrina,47.841426300000002,-21.553481999999999,"243"
Vohilava,Ampasinambo Nord,48.015397000000000,-20.855989500000000,"244"
Vohilava,Analamazava,47.881447899999998,-20.879474099999999,"245"
Vohilava,Sandravakoka,47.930079999999997,-20.906456299999999,"246"
Vohilava,Tanambao Nord,47.935431100000002,-20.867974900000000,"247"
Vohilava,Ambalanaomby II,48.062353700000003,-21.045607799999999,"248"
Vohilava,Ambakoana,47.975851900000002,-21.000269400000001,"249"
Vohilava,Ambalamanasa,48.017793599999997,-21.130876700000002,"250"
Vohilava,Ambalanomby I,48.062353700000003,-21.045607799999999,"251"
Vohilava,Ambodihara,47.982907099999998,-21.079333599999998,"252"
Vohilava,Ambodimanga,48.008243600000000,-21.138405200000001,"253"
Vohilava,Ambodinato,48.036582500000002,-21.147389300000000,"254"
Vohilava,Ambodivandrika,47.928891399999998,-21.067133699999999,"255"
Vohilava,Ambodivato,47.964914899999997,-21.086439800000001,"256"
Vohilava,Ampasimazava,47.988188899999997,-21.013644100000000,"257"
Vohilava,Ampitabe,48.025338499999997,-21.040614999999999,"258"
Vohilava,Iambojiro,48.037989899999999,-21.067735899999999,"259"
Vohilava,Lavakianja,47.976275600000001,-21.042722699999999,"260"
Vohilava,Mahazava,48.041292400000003,-21.118996400000000,"261"
Vohilava,Tanambaobe,48.002761999999997,-21.058205500000000,"262"
Vohilava,Vohilava,48.008484699999997,-21.077634300000000,"263"
