fs,Type FS,X,Y,ID
CSB II Morafeno,CSB2,48.1803368,-21.0974156,"1"
CSB II Antaretra,CSB2,47.8473379,-21.0778898,"2"
CSB I Morarano Toby,CSB1,47.9276360,-21.3162120,"3"
CSB II Ambodinonoka,CSB2,47.8921130,-20.9790190,"4"
CSB II Ambohimiarina II,CSB2,48.0113840,-21.3740150,"5"
CSB I Bemoka,CSB1,48.0030230,-21.2155780,"6"
CSB I Lavakianja,CSB1,47.8880710,-21.2839640,"7"
CSB II Ambohinihaonana,CSB2,47.9104460,-21.1964260,"8"
CSB II Ambohitsara Est,CSB2,48.4618750,-20.8673510,"9"
CSB I Seranana,CSB1,47.8514160,-21.4735120,"10"
CSB II Andonabe,CSB2,47.9539490,-21.4611300,"11"
CSB II Andranambolava,CSB2,48.2751070,-20.9060640,"12"
CSB II Andranomavo,CSB2,48.2023460,-20.9304640,"13"
CSB I Ambalamainty,CSB1,48.0972220,-21.5459000,"14"
CSB II Anosimparihy,CSB2,47.9933160,-21.5051790,"15"
CSB II Antsenavolo,CSB2,48.0495290,-21.3920030,"16"
CSB II Kianjavato,CSB2,47.8658880,-21.3808450,"17"
CSB II Mahatsara Iefaka,CSB2,48.3269380,-21.1146800,"18"
CSB II Mahavoky Nord,CSB2,48.3013050,-20.8467860,"19"
CSB I Tanandava,CSB1,48.4146500,-20.9933000,"20"
CSB II Mahela,CSB2,48.4398000,-20.9683320,"21"
CSB II Marofototra,CSB2,48.1541580,-20.8529050,"22"
CSB II Marosangy,CSB2,48.2851150,-21.0063280,"23"
CSB II Morafeno,CSB2,48.1803330,-21.0974720,"24"
CSB II Namorona,CSB2,48.1838320,-21.6389430,"25"
CSB II Sandrohy,CSB2,47.8952010,-21.5987690,"26"
CSB II Tsiatosika,CSB2,48.2264370,-21.1850430,"27"
CSB II Vatohandrina,CSB2,47.8425070,-21.5533760,"28"
CSB II Vohilava,CSB2,48.0077330,-21.0777810,"29"
CSB II Ambodiaviavy,CSB2,48.1355500,-20.9386700,"30"
CSB II Fanantenana,CSB2,48.3464426,-21.2245142,"31"
CSB I Ambohimandroso,CSB2,48.2980830,-21.2445730,"32"
CSB I Manakana Antsindra,CSB1,47.7686032,-20.8932178,"33"
CSB II Mahatsara Sud,CSB2,48.3178376,-21.1664407,"34"
CSB II Ambinanifitoerana,CSB2,47.8702988,-21.3115103,"35"
CSB II Manakana Nord,CSB2,47.8537011,-21.3249390,"36"
CSB II Tsaravary,CSB2,48.2999590,-21.2475380,"37"
CSB II Marokarima,CSB2,48.1421681,-21.2181479,"38"
CSB I Mahavoky Sud,CSB1,48.3692121,-21.0972474,"39"
CSB I Marohita,CSB1,48.2836541,-21.4152420,"40"
CSB I Ambolotara,CSB1,47.9297688,-21.3848985,"41"
CSBU Mananjary,CSB2,48.3550590,-21.2135420,"42"
CSB I Tsaravinany,CSB1,47.9327810,-20.8836600,"43"
